,col,intercept,coef,mean_absolute_error
0,left,953.7789496320141,2.225217766143719,407.47813935049817
1,right,1157.2118847568727,2.228482011328968,396.98854067585637
2,top,274.32084291276396,5.905994444296516,57.12967294469967
3,bottom,231.24252735087384,5.91885311937933,57.44469427173015
